Marital status,Application mode,Application order,Course,Daytime/evening attendance,Previous qualification,Nacionality,Mother's qualification,Father's qualification,Mother's occupation,Father's occupation,Displaced,Educational special needs,Debtor,Tuition fees up to date,Gender,Scholarship holder,Age at enrollment,International,Curricular units 1st sem (credited),Curricular units 1st sem (enrolled),Curricular units 1st sem (evaluations),Curricular units 1st sem (approved),Curricular units 1st sem (grade),Curricular units 1st sem (without evaluations),Curricular units 2nd sem (credited),Curricular units 2nd sem (enrolled),Curricular units 2nd sem (evaluations),Curricular units 2nd sem (approved),Curricular units 2nd sem (grade),Curricular units 2nd sem (without evaluations),Unemployment rate,Inflation rate,GDP,Probability
1,12,1,6,1,12,1,22,27,10,10,1,0,1,0,0,1,26,0,0,6,7,0,0.0,0,0,6,6,0,0.0,0,13.9,-0.3,0.79,0
1,1,5,12,1,1,1,22,27,8,10,1,0,1,0,0,0,18,0,0,7,0,0,0.0,0,0,8,0,0,0.0,0,9.4,-0.8,-3.12,0
4,12,1,12,1,1,1,22,27,10,10,0,0,1,1,0,0,38,0,0,7,13,3,11.833333333333334,0,0,7,14,2,10.0,0,16.2,0.3,-0.92,0
1,8,1,4,1,1,1,22,27,5,7,0,0,1,1,0,0,20,0,0,6,8,6,13.333333333333334,0,0,6,8,5,14.0,0,11.1,0.6,2.02,0
1,12,1,13,1,1,3,3,3,5,5,0,0,1,0,0,0,54,1,0,7,7,0,0.0,0,0,5,10,0,0.0,0,12.4,0.5,1.79,0
2,12,1,17,0,12,1,13,29,6,4,0,0,1,0,0,0,31,0,0,5,7,0,0.0,0,0,5,7,0,0.0,0,16.2,0.3,-0.92,0
1,16,1,5,1,9,1,22,14,4,8,0,0,1,1,0,0,31,0,2,6,8,5,11.0,0,4,6,12,6,10.166666666666666,0,8.9,1.4,3.51,0
1,12,1,11,1,1,1,13,1,5,2,0,0,1,1,0,0,25,0,0,6,6,0,0.0,0,0,6,6,0,0.0,0,15.5,2.8,-4.06,0
1,15,1,8,1,14,1,13,14,6,6,1,0,1,0,0,0,20,0,1,6,11,3,12.0,0,0,6,11,2,11.0,0,12.4,0.5,1.79,0
5,12,1,4,1,1,1,1,1,5,9,0,0,1,0,0,0,27,0,0,6,6,0,0.0,0,0,6,7,0,0.0,0,8.9,1.4,3.51,0
1,1,1,8,1,1,1,3,3,3,11,0,0,1,0,0,0,23,0,0,6,10,6,14.0,0,0,6,11,4,13.0,0,11.1,0.6,2.02,0
1,12,1,6,1,12,1,13,14,10,8,0,0,1,0,0,0,24,0,2,6,11,3,11.75,0,1,6,14,3,10.333333333333334,0,16.2,0.3,-0.92,0
1,15,1,6,1,14,1,22,27,10,10,1,0,1,1,0,0,32,0,0,6,14,4,11.5,0,0,6,14,3,11.0,0,16.2,0.3,-0.92,0
3,12,1,4,1,1,1,1,27,7,7,0,0,1,1,0,0,47,0,0,1,1,0,0.0,0,0,6,0,0,0.0,0,8.9,1.4,3.51,0
1,15,1,8,1,14,1,22,27,8,9,1,0,1,0,0,0,19,0,2,6,7,5,11.6,0,1,6,12,2,11.0,0,12.4,0.5,1.79,0
1,1,3,6,1,1,1,22,14,10,9,1,0,1,0,0,0,18,0,0,5,7,3,13.0,0,0,5,8,3,12.0,0,7.6,2.6,0.32,0
1,1,1,9,1,1,1,13,14,10,10,0,0,1,1,0,0,19,0,0,5,13,1,10.0,0,0,5,8,2,10.0,0,12.4,0.5,1.79,0
1,1,3,15,1,1,1,23,14,8,8,1,0,1,0,0,0,19,0,0,6,7,6,12.166666666666666,0,0,6,10,2,10.333333333333334,0,16.2,0.3,-0.92,0
1,1,1,15,1,1,1,3,3,3,3,1,0,1,0,0,0,18,0,0,6,7,5,12.2,0,0,6,11,4,11.5,0,11.1,0.6,2.02,0
1,8,1,16,1,1,1,23,27,6,8,1,0,1,1,0,0,18,0,0,6,12,4,13.5,0,0,6,14,3,10.666666666666666,0,10.8,1.4,1.74,0
1,15,1,4,1,1,1,1,14,4,10,1,0,1,0,0,0,23,0,0,6,13,5,11.6,0,0,6,11,4,12.25,0,12.4,0.5,1.79,0
1,8,5,10,1,1,1,23,27,10,10,0,0,1,0,0,0,21,0,0,6,10,5,11.833333333333334,0,0,6,10,5,13.2,0,13.9,-0.3,0.79,0
1,1,6,15,1,1,1,1,27,4,4,1,0,1,0,0,0,20,0,0,4,4,0,0.0,0,0,5,5,0,0.0,0,12.4,0.5,1.79,0
1,15,1,8,1,14,1,1,27,4,4,1,0,1,0,0,0,36,0,2,6,9,6,12.0,0,1,6,8,3,14.666666666666666,0,12.4,0.5,1.79,0
1,12,1,3,0,1,1,10,5,10,5,0,0,1,0,0,0,37,0,0,6,6,0,0.0,0,0,5,5,0,0.0,0,8.9,1.4,3.51,0
4,1,1,17,0,1,1,22,27,10,10,0,0,1,0,0,0,37,0,0,5,0,0,0.0,0,0,5,0,0,0.0,0,12.7,3.7,-1.7,0
1,8,3,11,1,1,1,10,28,6,8,1,0,1,1,0,0,18,0,0,6,7,5,12.2,0,0,6,10,4,12.25,0,12.4,0.5,1.79,0
1,12,1,4,1,1,1,23,28,10,7,0,0,1,0,0,0,28,0,0,6,6,0,0.0,0,0,6,7,0,0.0,0,8.9,1.4,3.51,0
1,1,1,16,1,1,1,22,14,10,9,0,0,1,1,0,0,18,0,0,6,10,5,13.0,0,0,6,10,4,11.5,0,12.7,3.7,-1.7,0
1,14,1,16,1,1,1,22,27,10,10,0,0,1,0,0,0,28,0,0,6,0,0,0.0,0,0,5,10,0,0.0,0,10.8,1.4,1.74,0
1,1,1,16,1,1,1,23,28,10,10,0,0,1,0,0,0,19,0,0,7,11,4,12.0,0,0,7,9,6,11.833333333333334,0,16.2,0.3,-0.92,0
1,8,1,5,1,1,1,1,1,5,9,1,0,1,0,0,1,18,0,0,6,6,6,11.833333333333334,0,0,6,8,6,11.0,0,12.7,3.7,-1.7,0
1,8,1,17,0,1,1,23,3,10,4,1,0,1,0,0,0,26,0,0,5,5,0,0.0,0,0,5,6,0,0.0,0,10.8,1.4,1.74,0
1,1,4,12,1,1,1,3,3,3,3,1,0,1,0,0,0,19,0,0,7,10,4,11.96,0,0,7,7,0,0.0,0,13.9,-0.3,0.79,0
2,12,1,4,1,12,1,13,27,10,11,0,0,1,1,0,0,37,0,0,6,10,6,12.875,0,0,6,12,6,12.9,0,16.2,0.3,-0.92,0
1,4,3,8,1,3,1,13,27,12,6,0,0,1,0,0,0,27,0,1,5,6,2,11.5,0,0,5,5,1,11.0,0,12.7,3.7,-1.7,0
1,12,1,12,1,1,1,22,27,10,10,0,0,1,0,0,0,32,0,0,7,12,4,13.7,0,0,7,7,0,0.0,0,16.2,0.3,-0.92,0
1,1,1,10,1,1,1,1,1,10,5,1,0,1,0,0,1,22,0,0,6,0,0,0.0,0,0,6,0,0,0.0,0,12.4,0.5,1.79,0
1,8,4,14,1,1,1,13,27,10,13,1,1,1,0,0,1,18,0,0,6,6,1,11.0,0,0,6,0,0,0.0,0,12.7,3.7,-1.7,0
1,8,2,11,1,1,1,22,27,10,9,1,0,1,0,0,0,20,0,0,6,8,4,11.75,0,0,6,6,6,13.166666666666666,0,11.1,0.6,2.02,0
1,1,1,5,1,1,1,13,14,10,10,1,0,1,1,0,1,19,0,1,6,8,6,13.285714285714286,1,0,6,8,6,12.5,0,13.9,-0.3,0.79,0
1,15,1,10,1,14,1,22,14,29,15,1,0,1,1,0,0,21,0,3,6,8,3,12.0,0,2,6,6,2,12.5,0,12.4,0.5,1.79,0
1,17,1,6,1,16,1,13,28,10,10,0,0,1,0,0,0,21,0,7,10,15,8,13.75,0,4,9,17,5,13.2,0,8.9,1.4,3.51,0
1,1,1,10,1,1,1,13,28,10,8,1,0,1,1,0,0,18,0,0,6,7,5,13.6,0,0,6,7,5,11.8,0,8.9,1.4,3.51,0
1,12,1,17,0,12,1,22,27,10,7,0,0,1,1,0,0,28,0,0,5,14,2,10.5,0,0,5,6,0,0.0,0,12.4,0.5,1.79,0
1,1,4,10,1,1,1,13,28,10,7,1,0,1,1,0,1,19,0,0,6,9,5,11.4,0,0,6,9,3,10.0,0,8.9,1.4,3.51,0
1,1,1,11,1,1,1,13,14,5,7,0,0,1,0,0,0,22,0,0,6,10,5,11.0,0,0,6,12,0,0.0,0,10.8,1.4,1.74,0
1,4,1,9,1,2,1,3,27,3,6,1,0,1,0,0,0,38,0,0,5,6,0,0.0,0,0,5,5,0,0.0,0,15.5,2.8,-4.06,0
1,8,2,11,1,1,1,13,14,6,6,1,0,1,1,0,0,19,0,0,6,10,6,12.166666666666666,0,0,6,8,5,11.666666666666666,0,16.2,0.3,-0.92,0
1,8,4,15,1,1,1,2,27,10,10,1,0,1,0,0,0,19,0,0,6,6,0,0.0,0,0,6,0,0,0.0,0,8.9,1.4,3.51,0
1,9,4,6,1,1,1,1,1,5,6,0,0,1,0,0,1,20,0,2,5,8,5,14.4,1,0,5,6,5,14.0,0,12.7,3.7,-1.7,0
1,8,2,9,1,1,1,13,1,10,4,1,0,1,1,0,0,20,0,0,5,10,2,11.5,0,0,5,8,3,10.0,0,11.1,0.6,2.02,0
1,1,1,8,1,1,1,3,14,3,10,1,0,1,0,0,0,19,0,0,6,0,0,0.0,0,0,6,0,0,0.0,0,11.1,0.6,2.02,0
1,14,1,3,0,6,1,19,24,1,1,0,0,1,1,0,0,29,0,1,6,9,4,12.0,0,1,6,13,2,10.5,0,7.6,2.6,0.32,0
1,12,1,4,1,1,1,22,27,4,9,0,0,1,1,0,1,30,0,0,6,6,0,0.0,0,0,6,6,0,0.0,0,11.1,0.6,2.02,0
1,8,1,10,1,1,1,13,14,5,6,1,0,1,0,0,0,19,0,0,6,10,5,11.714285714285714,0,0,6,13,2,10.666666666666666,0,16.2,0.3,-0.92,0
1,1,1,2,1,1,1,13,14,10,10,1,0,1,1,0,0,20,0,0,0,0,0,0.0,0,0,0,0,0,0.0,0,16.2,0.3,-0.92,0
2,12,1,12,1,3,1,1,1,5,7,0,0,1,0,0,0,30,0,3,7,11,3,12.333333333333334,0,3,7,9,3,11.666666666666666,0,13.9,-0.3,0.79,0
4,12,1,12,1,12,1,22,27,7,7,0,0,1,0,0,0,46,0,0,7,14,3,12.333333333333334,0,0,7,12,3,11.083333333333334,0,11.1,0.6,2.02,0
1,17,1,17,0,1,1,23,28,29,44,0,0,1,1,0,0,23,0,6,11,18,8,12.375,0,3,9,15,5,12.6,0,8.9,1.4,3.51,0
1,1,2,2,1,1,1,24,1,4,5,1,0,1,1,0,0,19,0,0,0,0,0,0.0,0,0,0,0,0,0.0,0,12.4,0.5,1.79,0
1,6,1,7,1,1,13,1,3,21,31,0,0,1,1,0,0,19,1,0,6,11,2,13.5,1,0,5,11,2,11.0,0,8.9,1.4,3.51,0
1,1,1,16,1,1,1,13,1,6,11,1,0,1,1,0,0,18,0,0,6,9,5,13.6,0,0,6,10,4,11.75,0,9.4,-0.8,-3.12,0
1,1,5,9,1,1,1,23,28,10,10,1,0,1,0,0,0,22,0,0,5,12,2,11.5,0,0,5,12,0,0.0,0,12.7,3.7,-1.7,0
1,12,1,12,1,1,1,13,14,4,8,0,0,1,0,0,0,26,0,0,7,11,4,12.86,0,0,7,10,5,11.566666666666668,0,12.4,0.5,1.79,0
1,9,4,16,1,1,1,13,27,10,7,1,0,1,0,0,0,20,0,0,7,9,0,0.0,0,0,6,6,0,0.0,0,11.1,0.6,2.02,0
1,1,1,2,1,1,1,13,4,10,3,1,0,1,1,0,0,19,0,0,0,0,0,0.0,0,0,0,0,0,0.0,0,12.7,3.7,-1.7,0
1,1,1,10,1,1,1,13,28,10,10,1,0,1,1,0,1,18,0,0,6,8,5,11.6,0,0,6,12,4,11.0,0,7.6,2.6,0.32,0
1,15,1,7,1,14,1,13,27,5,8,0,0,1,1,0,0,26,0,0,5,6,0,0.0,0,0,5,5,0,0.0,0,16.2,0.3,-0.92,0
4,12,1,11,1,1,1,23,27,10,10,0,0,1,1,0,0,45,0,4,10,12,5,12.166666666666666,4,2,8,8,0,0.0,2,12.7,3.7,-1.7,0
1,8,1,14,1,3,1,10,3,6,9,1,0,1,0,0,0,20,0,0,6,6,0,0.0,0,0,6,9,0,0.0,0,10.8,1.4,1.74,0
1,15,1,4,1,14,1,22,27,10,11,0,0,1,0,0,0,29,0,0,6,13,3,12.75,0,0,6,8,3,11.333333333333334,0,13.9,-0.3,0.79,0
1,1,1,8,1,1,1,22,27,10,10,1,0,1,1,0,0,20,0,0,5,10,2,12.0,2,0,5,9,4,11.0,0,9.4,-0.8,-3.12,0
1,1,2,15,1,1,1,23,28,8,8,1,0,1,0,0,0,20,0,0,6,0,0,0.0,0,0,6,0,0,0.0,0,8.9,1.4,3.51,0
1,14,1,14,1,1,1,13,14,2,2,0,0,1,1,0,0,20,0,0,6,12,5,12.2,0,0,6,8,5,14.6,0,13.9,-0.3,0.79,0
1,14,1,10,1,1,1,1,1,4,2,1,0,1,0,0,0,22,0,6,10,16,6,11.833333333333334,0,2,7,8,2,13.0,0,16.2,0.3,-0.92,0
2,12,1,3,0,1,1,22,27,7,9,0,0,1,1,0,0,37,0,3,8,12,7,11.375,0,2,7,10,6,12.166666666666666,0,13.9,-0.3,0.79,0
1,14,1,17,0,1,1,22,28,10,9,0,0,1,0,0,0,29,0,0,5,15,2,13.25,0,0,5,12,3,12.6,3,16.2,0.3,-0.92,0
1,8,2,11,1,1,1,13,14,10,8,1,0,1,1,0,0,21,0,0,6,0,0,0.0,0,0,6,0,0,0.0,0,11.1,0.6,2.02,0
1,1,1,16,1,1,1,22,27,10,10,1,0,1,0,0,0,21,0,0,6,8,3,13.666666666666666,0,0,6,7,3,10.666666666666666,0,15.5,2.8,-4.06,0
1,1,1,2,1,1,1,3,1,5,5,1,0,1,0,0,0,18,0,0,0,0,0,0.0,0,0,0,0,0,0.0,0,12.4,0.5,1.79,0
1,8,3,14,1,1,1,22,27,9,9,0,0,1,1,0,0,19,0,0,5,5,1,10.0,0,0,5,5,0,0.0,0,9.4,-0.8,-3.12,0
1,8,1,14,1,1,1,1,1,6,5,1,0,1,1,0,0,20,0,0,6,10,2,11.666666666666666,0,0,6,10,4,10.5,0,15.5,2.8,-4.06,0
2,14,1,17,0,3,1,22,14,10,5,0,0,1,1,0,0,34,0,4,10,25,5,12.2,0,3,9,18,8,12.22222222222222,0,16.2,0.3,-0.92,0
1,1,1,9,1,1,14,3,3,10,10,0,0,1,0,0,0,19,1,0,5,14,0,0.0,0,0,5,5,0,0.0,0,8.9,1.4,3.51,0
2,12,1,14,1,1,1,22,27,10,1,0,0,1,0,0,0,34,0,0,6,7,4,13.5,0,0,6,6,0,0.0,6,12.7,3.7,-1.7,0
1,1,1,14,1,1,1,22,28,10,10,1,0,1,0,0,0,18,0,0,6,7,4,11.25,0,0,6,9,4,10.857142857142858,0,10.8,1.4,1.74,0
1,15,1,6,1,14,1,23,27,5,11,0,0,1,0,0,0,20,0,1,6,13,4,13.0,0,1,6,11,5,12.0,0,16.2,0.3,-0.92,0
1,4,1,10,1,3,1,1,1,5,11,0,0,1,0,0,0,27,0,0,6,8,0,0.0,0,0,5,6,0,0.0,0,16.2,0.3,-0.92,0
1,8,1,9,1,1,1,22,27,10,7,1,0,1,0,0,1,19,0,0,5,5,5,12.8,0,0,5,5,4,12.0,0,11.1,0.6,2.02,0
1,14,1,2,1,1,1,3,1,3,4,1,0,1,1,0,0,20,0,0,0,0,0,0.0,0,0,0,0,0,0.0,0,13.9,-0.3,0.79,0
1,9,5,16,1,1,1,23,14,8,8,1,0,1,0,0,0,20,0,0,6,14,2,12.0,0,0,6,14,3,11.666666666666666,0,10.8,1.4,1.74,0
1,8,5,5,1,1,1,13,28,6,8,0,0,1,0,0,0,21,0,0,6,6,4,13.0,0,0,6,8,4,11.6,0,10.8,1.4,1.74,0
1,12,1,3,0,1,16,1,1,5,8,0,0,1,1,0,0,25,1,2,6,6,6,11.333333333333334,0,0,6,6,4,11.75,0,8.9,1.4,3.51,0
1,1,1,15,1,1,1,22,28,10,8,0,0,1,1,0,0,19,0,0,6,13,3,12.666666666666666,0,0,6,12,2,10.0,0,10.8,1.4,1.74,0
1,1,1,14,1,1,1,1,28,4,10,0,0,1,0,0,1,19,0,0,6,7,5,12.0,0,0,6,9,4,12.5,0,12.4,0.5,1.79,0
1,8,1,14,1,1,1,1,28,5,8,0,0,1,1,0,1,18,0,0,6,7,1,14.0,0,0,6,6,0,0.0,0,15.5,2.8,-4.06,0
1,1,1,2,1,1,1,13,27,6,7,1,0,1,0,0,0,18,0,0,0,0,0,0.0,0,0,0,0,0,0.0,0,8.9,1.4,3.51,0
4,12,1,16,1,1,1,22,1,10,11,0,0,1,0,0,0,31,0,0,7,8,6,12.666666666666666,0,0,7,9,5,12.6,0,8.9,1.4,3.51,0
1,12,1,6,1,1,1,22,27,10,10,1,0,1,1,0,0,27,0,0,6,11,6,12.125,0,0,6,16,5,12.0,0,12.4,0.5,1.79,0
1,1,1,11,1,1,1,1,1,5,3,0,0,1,0,0,1,21,0,0,6,7,6,13.428571428571429,0,0,6,8,6,11.333333333333334,0,8.9,1.4,3.51,0
1,8,3,15,1,1,1,19,24,13,13,1,0,1,1,0,1,19,0,0,6,8,6,12.166666666666666,0,0,6,8,5,12.4,0,9.4,-0.8,-3.12,0
1,1,2,15,1,1,19,1,1,10,10,1,0,1,0,0,0,18,1,0,6,6,6,12.0,0,0,6,6,2,11.0,0,11.1,0.6,2.02,0
1,1,2,10,1,1,1,13,1,10,9,1,0,1,0,0,0,18,0,0,6,0,0,0.0,0,0,6,0,0,0.0,0,11.1,0.6,2.02,0
4,4,1,10,1,15,1,19,24,13,13,0,0,1,1,0,0,41,0,0,6,0,0,0.0,0,0,6,0,0,0.0,0,11.1,0.6,2.02,0
1,1,6,15,1,1,1,18,27,8,8,1,0,1,0,0,0,18,0,0,6,8,5,13.0,0,0,6,8,5,11.4,0,7.6,2.6,0.32,0
1,1,1,5,1,1,1,1,27,6,10,1,0,1,1,0,0,21,0,0,6,9,5,11.4,0,0,6,8,5,12.2,0,12.7,3.7,-1.7,0
1,1,1,2,1,1,1,22,27,10,9,1,0,1,0,0,1,23,0,0,0,0,0,0.0,0,0,0,0,0,0.0,0,9.4,-0.8,-3.12,0
1,12,1,4,1,1,14,1,1,10,10,0,0,1,0,0,0,29,1,3,9,9,3,14.333333333333334,0,1,7,8,1,14.0,0,15.5,2.8,-4.06,0
1,1,1,10,1,1,1,22,14,6,11,0,0,1,1,0,0,18,0,0,6,10,5,10.6,0,0,6,14,2,10.0,0,7.6,2.6,0.32,0
1,1,1,16,1,1,1,13,27,10,10,1,0,1,0,0,0,22,0,0,7,10,6,11.5,0,0,7,8,6,13.166666666666666,0,11.1,0.6,2.02,0
1,12,1,4,1,12,1,22,28,5,10,0,0,1,0,0,0,40,0,0,6,12,5,12.8,0,0,6,16,3,13.333333333333334,0,11.1,0.6,2.02,0
1,1,1,6,1,1,1,22,27,5,10,1,0,1,1,0,0,29,0,4,5,11,4,12.5,2,1,5,11,2,12.5,0,12.7,3.7,-1.7,0
1,3,3,6,1,1,1,22,27,1,12,0,0,1,1,0,1,18,0,0,5,5,5,14.4,0,0,5,5,5,14.0,0,7.6,2.6,0.32,0
1,12,1,4,1,1,1,22,27,10,10,0,0,1,0,0,0,48,0,0,6,6,0,0.0,0,0,6,6,0,0.0,0,11.1,0.6,2.02,0
1,16,1,14,1,1,1,13,14,6,6,0,0,1,0,0,0,18,0,0,5,6,2,12.5,0,0,5,6,4,10.25,0,9.4,-0.8,-3.12,0
1,1,1,6,1,1,1,22,27,10,5,1,0,1,1,0,0,22,0,0,6,9,5,13.333333333333334,0,0,6,17,4,11.4,0,12.4,0.5,1.79,0
1,12,1,17,0,1,1,22,27,7,7,0,0,1,1,0,0,36,0,0,5,5,0,0.0,0,0,5,5,0,0.0,0,12.7,3.7,-1.7,0
1,1,1,6,1,1,1,22,27,10,7,0,0,1,1,0,0,21,0,0,5,9,2,11.5,0,0,5,13,4,11.0,1,10.8,1.4,1.74,0
1,8,1,11,1,1,1,19,28,1,8,1,0,1,0,0,0,19,0,0,6,14,1,10.0,0,0,6,13,0,0.0,0,7.6,2.6,0.32,0
1,17,1,6,1,16,1,1,1,5,4,1,0,1,1,0,0,21,0,7,9,10,8,13.25,0,4,9,14,5,12.2,0,8.9,1.4,3.51,0
1,12,1,14,1,9,1,1,14,2,6,1,0,1,0,0,0,25,0,0,5,5,5,11.2,0,0,5,5,4,11.25,0,9.4,-0.8,-3.12,0
1,1,2,15,1,1,1,23,27,6,4,1,0,1,0,0,0,18,0,0,6,8,6,14.142857142857142,0,0,6,6,5,12.0,0,13.9,-0.3,0.79,0
1,9,2,9,1,1,1,3,3,6,8,1,0,1,0,0,0,20,0,0,5,9,3,10.0,0,0,5,9,3,10.571428571428571,0,10.8,1.4,1.74,0
1,12,1,10,1,12,1,22,27,10,10,0,1,1,1,0,0,40,0,0,6,13,2,10.0,0,0,6,10,1,15.0,0,16.2,0.3,-0.92,0
2,12,1,6,1,9,1,1,29,6,4,1,0,1,0,0,0,32,0,0,6,7,0,0.0,0,0,6,6,0,0.0,0,13.9,-0.3,0.79,0
1,1,1,16,1,1,1,19,27,10,10,1,0,1,0,0,0,20,0,0,6,12,3,10.333333333333334,0,0,6,14,1,11.0,0,10.8,1.4,1.74,0
2,9,2,3,0,1,1,22,27,10,11,0,0,1,0,0,0,39,0,0,5,5,0,0.0,0,0,4,4,0,0.0,0,9.4,-0.8,-3.12,0
1,8,1,15,1,1,1,22,1,10,9,1,0,1,0,0,0,19,0,0,6,6,3,11.333333333333334,0,0,6,6,0,0.0,0,12.4,0.5,1.79,0
1,15,1,6,1,14,1,1,3,10,5,0,0,1,0,0,0,24,0,2,6,11,4,12.5,0,1,6,18,2,11.5,0,12.4,0.5,1.79,0
1,12,1,17,0,1,1,23,14,10,6,0,0,1,1,0,0,25,0,0,5,10,4,11.25,0,0,5,9,4,12.0,0,12.7,3.7,-1.7,0
1,9,2,16,1,1,1,13,27,10,5,1,0,1,0,0,0,19,0,0,7,11,5,12.2,0,0,7,13,0,0.0,0,12.4,0.5,1.79,0
1,16,1,9,1,1,1,3,1,4,4,1,0,1,0,0,0,22,0,0,5,8,0,0.0,0,0,5,7,0,0.0,0,8.9,1.4,3.51,0
1,12,1,3,0,1,1,13,27,8,9,0,0,1,0,0,0,31,0,0,6,14,2,10.5,0,0,6,6,3,12.333333333333334,0,11.1,0.6,2.02,0
2,12,1,16,1,1,1,22,27,10,10,0,0,1,0,0,0,32,0,0,6,6,0,0.0,0,0,5,10,0,0.0,0,10.8,1.4,1.74,0
1,1,1,15,1,1,7,1,1,4,6,1,0,1,0,0,0,19,1,0,6,8,5,12.2,0,0,6,6,4,11.75,0,16.2,0.3,-0.92,0
2,4,1,8,1,3,1,5,4,3,1,0,0,1,0,0,0,29,0,7,9,16,7,11.555555555555555,4,5,7,12,5,13.2,2,7.6,2.6,0.32,0
1,12,1,6,1,1,1,1,1,6,6,1,0,1,1,0,0,30,0,0,6,7,6,16.428571428571427,0,0,6,7,6,16.666666666666668,0,13.9,-0.3,0.79,0
1,1,3,10,1,1,1,13,14,10,10,1,0,1,1,0,0,19,0,0,6,0,0,0.0,0,0,6,0,0,0.0,0,12.4,0.5,1.79,0
5,12,1,16,1,12,1,23,1,6,4,0,0,1,1,0,0,33,0,0,6,7,5,13.2,0,0,6,7,5,10.6,0,7.6,2.6,0.32,0
1,15,1,8,1,14,1,1,3,10,3,1,0,1,1,0,1,21,0,1,6,13,3,12.333333333333334,0,1,6,12,1,13.0,0,13.9,-0.3,0.79,0
1,1,1,9,1,1,1,13,14,6,9,0,0,1,0,0,1,20,0,0,5,12,2,13.0,1,0,5,13,2,11.5,0,9.4,-0.8,-3.12,0
1,15,1,8,1,14,3,4,4,4,7,0,0,1,0,0,0,20,1,2,6,13,3,11.666666666666666,0,1,6,11,3,12.0,0,12.4,0.5,1.79,0
2,8,3,3,0,1,1,13,27,4,4,0,0,1,0,0,0,18,0,0,6,9,3,10.666666666666666,0,0,6,12,0,0.0,0,7.6,2.6,0.32,0
1,8,1,14,1,1,1,22,14,6,9,1,0,1,1,0,0,18,0,0,6,6,5,11.8,0,0,6,9,4,13.714285714285714,0,10.8,1.4,1.74,0
1,1,3,10,1,1,1,13,1,8,11,1,0,1,1,0,0,19,0,0,6,7,0,0.0,0,0,5,5,0,0.0,0,13.9,-0.3,0.79,0
1,12,1,12,1,1,1,13,14,6,7,0,0,1,1,0,0,28,0,0,7,12,4,13.375,0,0,7,7,5,13.5,0,13.9,-0.3,0.79,0
1,12,1,15,1,12,1,13,14,4,5,0,0,1,0,0,0,27,0,0,6,6,5,12.0,0,0,6,6,0,0.0,0,11.1,0.6,2.02,0
1,8,3,11,1,1,12,23,3,10,4,1,0,1,0,0,0,20,1,0,6,14,3,12.333333333333334,0,0,6,16,0,0.0,0,10.8,1.4,1.74,0
1,8,1,6,1,1,1,13,14,5,10,1,0,1,0,0,1,21,0,0,6,16,2,13.0,0,0,6,8,0,0.0,0,15.5,2.8,-4.06,0
1,14,1,14,1,1,1,1,28,5,5,0,0,1,0,0,0,19,0,0,6,13,3,10.666666666666666,0,0,6,6,4,12.25,0,15.5,2.8,-4.06,0
1,1,1,12,1,1,1,13,14,10,11,1,0,1,1,0,0,19,0,0,7,0,0,0.0,0,0,8,0,0,0.0,0,11.1,0.6,2.02,0
1,14,1,10,1,1,1,1,27,6,10,0,0,1,0,0,0,21,0,5,10,18,8,11.5,0,0,6,12,4,10.0,0,9.4,-0.8,-3.12,0
1,1,5,16,1,1,1,23,27,10,10,1,0,1,0,0,0,20,0,0,6,9,3,11.666666666666666,0,0,6,10,2,11.0,0,10.8,1.4,1.74,0
1,12,1,14,1,12,1,1,1,5,8,0,0,1,0,0,0,25,0,0,5,5,5,11.2,0,0,5,5,5,12.6,0,9.4,-0.8,-3.12,0
1,14,1,8,1,1,1,13,28,5,6,1,0,1,1,0,0,18,0,0,5,11,1,12.0,0,0,5,9,3,12.0,0,12.7,3.7,-1.7,0
1,8,1,2,1,1,1,1,28,10,10,1,0,1,1,0,0,22,0,12,17,19,12,11.833333333333334,0,10,17,22,11,11.25,0,11.1,0.6,2.02,0
1,14,1,8,1,1,3,1,3,10,3,0,0,1,1,0,0,21,1,2,5,9,5,13.2,2,0,5,7,2,12.5,2,10.8,1.4,1.74,0
1,8,2,14,1,1,1,19,27,1,1,1,0,1,0,0,0,18,0,0,5,8,3,12.0,0,0,5,6,4,10.75,0,7.6,2.6,0.32,0
1,12,1,13,1,1,1,22,28,10,10,1,0,1,0,0,1,24,0,0,7,14,5,12.36,0,1,8,15,5,12.0,0,8.9,1.4,3.51,0
1,14,1,15,1,1,9,19,24,12,12,0,0,1,1,0,0,23,1,0,6,11,1,16.0,0,0,6,8,4,12.25,0,7.6,2.6,0.32,0
1,1,3,12,1,1,1,22,27,10,10,1,0,1,0,0,0,19,0,0,8,8,7,13.327142857142857,0,0,8,8,7,13.327142857142857,0,10.8,1.4,1.74,0
1,12,1,3,0,1,1,22,27,10,9,0,0,1,0,0,0,44,0,2,8,12,4,12.0,2,2,7,9,4,12.0,2,8.9,1.4,3.51,0
2,12,2,9,1,1,1,13,27,10,8,0,0,1,0,0,0,29,0,0,5,8,3,10.666666666666666,0,0,5,14,2,14.8,0,10.8,1.4,1.74,0
1,16,1,10,1,1,1,13,3,6,3,0,0,1,1,0,0,20,0,5,11,18,8,12.625,0,4,10,10,3,11.0,0,11.1,0.6,2.02,0
1,17,1,14,1,16,1,13,27,4,7,1,0,1,1,0,0,21,0,0,6,12,1,12.0,0,0,6,11,1,11.0,0,8.9,1.4,3.51,0
1,1,2,9,1,1,1,22,28,8,10,0,0,1,1,0,1,19,0,0,5,11,2,11.5,0,0,5,10,0,0.0,0,12.7,3.7,-1.7,0
2,14,1,9,1,2,1,22,27,10,10,0,0,1,0,0,0,42,0,13,13,13,13,11.923076923076923,0,12,12,12,12,12.5,0,15.5,2.8,-4.06,0
2,16,1,3,0,12,1,22,27,10,10,0,0,1,1,0,0,42,0,5,11,14,10,11.9,0,5,11,14,10,12.8,0,11.1,0.6,2.02,0
1,4,1,6,1,15,1,13,14,10,6,0,0,1,0,0,0,26,0,0,3,3,0,0.0,0,0,6,0,0,0.0,0,8.9,1.4,3.51,0
1,4,1,12,1,3,1,22,27,5,6,0,0,1,0,0,0,28,0,0,7,7,0,0.0,7,0,7,7,0,0.0,7,13.9,-0.3,0.79,0
5,12,1,4,1,1,1,22,27,10,8,0,0,1,0,0,0,28,0,0,6,17,5,13.0,0,0,6,11,4,11.75,0,13.9,-0.3,0.79,0
1,8,1,16,1,1,1,1,1,4,5,0,0,1,1,0,0,18,0,0,6,8,4,13.25,0,0,6,10,3,10.666666666666666,0,12.7,3.7,-1.7,0
1,8,2,15,1,1,1,22,28,6,6,1,0,1,0,0,0,18,0,0,6,9,5,12.2,0,0,6,9,4,11.75,0,10.8,1.4,1.74,0
1,1,1,6,1,1,1,10,2,5,3,0,0,1,0,0,0,24,0,0,5,6,1,13.0,0,0,5,5,0,0.0,0,7.6,2.6,0.32,0
2,12,1,4,1,1,1,3,3,3,3,0,0,1,0,0,0,34,0,1,6,10,6,14.333333333333334,0,0,6,9,6,12.833333333333334,0,11.1,0.6,2.02,0
4,12,1,3,0,12,1,22,27,10,10,0,0,1,0,0,0,50,0,0,6,11,0,0.0,0,0,5,6,0,0.0,0,8.9,1.4,3.51,0
1,8,1,8,1,1,1,3,3,3,3,1,0,1,0,0,0,18,0,0,6,9,5,12.4,0,0,6,12,5,14.166666666666666,0,8.9,1.4,3.51,0
1,15,1,5,1,14,1,1,28,5,7,0,0,1,0,0,0,22,0,2,7,9,5,11.6,0,5,9,9,5,10.0,0,12.4,0.5,1.79,0
1,12,1,11,1,1,1,1,1,10,7,1,0,1,0,0,0,24,0,0,6,14,6,11.285714285714286,0,0,6,16,3,10.333333333333334,0,8.9,1.4,3.51,0
1,12,1,3,0,14,1,13,27,10,9,0,0,1,0,0,0,26,0,0,6,13,4,12.0,0,0,6,7,5,13.2,0,16.2,0.3,-0.92,0
1,1,1,10,1,1,1,1,14,5,8,1,0,1,0,0,0,18,0,0,6,9,5,11.4,0,0,6,14,2,13.5,0,8.9,1.4,3.51,0
2,12,1,13,1,12,1,23,27,8,8,1,0,1,0,0,1,37,0,0,7,13,1,16.0,0,0,7,12,0,0.0,0,8.9,1.4,3.51,0
